id,age,anciennete,salaire,satisfaction,heures_sup,distance_domicile,type_contrat,service,absences
0001,60,3,4247,4.7,5,1.7,CDD,Direction,0
0002,27,20,5851,2.6,9,6.3,CDI,Support,6
0003,21,4,4978,3.6,9,6.8,CDI,Support,3
0004,37,15,4493,2.5,2,12.0,CDI,IT,10
0005,35,22,4161,4.6,9,10.6,CDD,Marketing,4
0006,34,9,3733,3.3,3,14.5,CDD,Direction,5
0007,28,16,2455,4.0,7,1.8,CDI,Direction,9
0008,26,22,5179,4.2,8,11.4,CDI,RH,1
0009,54,8,3180,3.5,4,3.8,CDD,Marketing,1
0010,25,13,2973,4.7,2,13.2,CDD,IT,2
0011,57,15,3233,3.3,7,13.0,CDD,RH,3
0012,47,15,2499,2.2,0,7.2,CDI,IT,8
0013,22,7,2195,2.4,1,4.2,CDI,Support,10
0014,21,14,2976,3.2,0,9.9,CDD,RH,2
0015,25,17,3719,3.7,3,10.9,CDI,IT,9
0016,33,4,4617,3.7,9,6.1,CDD,Support,10
0017,34,12,5251,4.0,3,9.2,CDI,IT,6
0018,52,6,4551,2.9,0,11.3,CDD,Marketing,5
0019,58,19,3872,2.1,8,3.8,CDD,IT,7
0020,21,16,2257,2.8,7,11.1,CDI,Marketing,7
0021,55,23,2454,2.0,0,3.7,CDD,IT,2
0022,32,4,5427,2.7,5,7.3,CDD,Support,4
0023,54,2,5707,2.2,9,14.8,CDI,Marketing,2
0024,46,8,4047,3.3,3,2.0,CDI,Direction,10
0025,34,24,4444,4.1,2,14.5,CDD,Marketing,9
0026,48,25,4195,3.6,5,11.3,CDI,Support,5
0027,57,13,2067,2.2,2,2.7,CDD,Marketing,4
0028,37,10,4588,4.7,5,1.6,CDD,IT,3
0029,20,25,4110,5.0,0,4.9,CDI,IT,1
0030,30,16,4355,3.4,0,4.7,CDI,Direction,6
0031,47,8,2990,2.9,2,3.3,CDI,Marketing,5
0032,41,0,4943,2.5,9,12.8,CDI,IT,2
0033,37,9,2588,2.4,2,1.1,CDD,Marketing,6
0034,29,23,3193,3.9,1,7.5,CDD,RH,6
0035,33,9,3758,4.2,8,14.1,CDD,IT,9
0036,41,18,2006,4.9,5,1.6,CDI,Marketing,3
0037,26,18,4518,3.1,1,14.0,CDI,IT,0
0038,25,21,3445,4.7,5,9.4,CDD,RH,0
0039,44,15,2985,3.3,10,11.8,CDD,RH,8
0040,26,4,4337,4.8,6,9.8,CDD,IT,10
0041,42,14,3706,3.1,9,12.8,CDD,RH,9
0042,42,17,2767,2.2,1,5.2,CDI,IT,10
0043,58,15,4721,4.9,5,12.1,CDD,Support,3
0044,36,11,4737,4.6,4,8.7,CDD,Direction,1
0045,22,10,2350,2.4,5,2.0,CDI,Support,7
0046,49,17,4144,4.6,2,10.9,CDD,RH,3
0047,54,24,5992,2.4,2,8.4,CDI,IT,4
0048,27,17,3477,5.0,6,14.4,CDD,Support,2
0049,44,12,2277,3.2,10,8.3,CDD,Marketing,0
0050,25,14,5905,2.4,7,12.0,CDI,Marketing,6
0051,55,10,4154,4.9,10,3.2,CDD,Marketing,9
0052,38,6,4228,4.5,5,8.6,CDI,IT,6
0053,60,22,4078,4.3,2,6.6,CDI,RH,9
0054,59,7,5221,4.9,8,5.9,CDI,IT,4
0055,43,18,4079,3.4,9,13.4,CDD,RH,2
0056,56,12,4269,4.2,5,10.3,CDI,Direction,1
0057,32,7,2083,3.3,3,5.6,CDI,IT,5
0058,24,24,3599,3.1,10,5.1,CDI,Direction,2
0059,22,13,5577,2.7,9,14.3,CDI,IT,9
0060,34,1,3925,3.4,2,9.7,CDI,Direction,1
0061,38,10,2178,2.5,6,7.6,CDI,Direction,0
0062,25,23,4603,2.6,4,8.9,CDD,IT,8
0063,34,15,3584,4.6,4,11.5,CDI,Support,6
0064,26,22,3529,4.3,2,10.1,CDD,Marketing,7
0065,44,25,3038,2.1,2,2.6,CDI,Direction,10
0066,37,12,5061,4.0,0,5.8,CDD,Marketing,7
0067,49,12,2066,3.8,9,4.4,CDD,IT,1
0068,60,21,3462,4.8,6,10.0,CDD,Direction,3
0069,43,25,5229,4.7,9,13.9,CDI,Marketing,3
0070,30,20,2276,2.7,0,4.4,CDD,Marketing,3
0071,43,4,3412,2.2,2,1.6,CDI,RH,4
0072,42,15,2987,3.8,9,13.4,CDI,Support,4
0073,33,1,5002,3.3,5,6.3,CDI,Marketing,7
0074,37,4,4691,4.0,9,12.1,CDD,IT,6
0075,24,16,4573,4.6,3,2.6,CDD,IT,2
0076,58,18,2424,2.7,10,4.6,CDI,RH,6
0077,60,10,5160,2.1,9,11.1,CDI,Marketing,3
0078,30,3,4383,3.3,1,1.3,CDD,Direction,9
0079,54,14,5011,3.6,7,8.2,CDI,IT,3
0080,35,3,5099,4.3,2,11.8,CDD,Direction,4
0081,30,16,3361,4.3,5,8.2,CDI,IT,10
0082,49,14,2546,2.4,1,8.1,CDI,Direction,3
0083,44,0,2181,5.0,3,7.8,CDD,Support,6
0084,37,23,3443,2.7,5,5.2,CDI,Marketing,2
0085,60,4,4236,4.7,5,10.1,CDD,Support,6
0086,55,13,3386,3.7,2,5.5,CDI,Support,2
0087,34,20,5332,3.7,10,2.2,CDD,Marketing,0
0088,40,4,4632,4.3,1,2.3,CDI,Direction,4
0089,23,2,2717,4.5,10,14.6,CDI,Support,4
0090,34,15,5401,2.7,10,11.8,CDD,Marketing,3
0091,22,25,5191,4.6,5,8.5,CDD,Direction,9
0092,40,8,4804,5.0,7,9.8,CDD,Marketing,7
0093,45,10,3903,3.6,0,4.0,CDI,Marketing,3
0094,37,19,4848,3.2,4,9.8,CDI,Support,5
0095,24,22,3960,2.8,3,4.0,CDD,Marketing,9
0096,33,12,4587,3.7,3,10.6,CDD,Marketing,10
0097,56,20,2746,3.8,1,12.7,CDI,IT,10
0098,40,2,5323,4.2,5,3.9,CDD,Support,7
0099,33,10,2552,2.5,4,12.6,CDI,Direction,1
0100,51,21,2258,4.0,1,13.3,CDD,Support,0
0101,45,17,4932,3.7,0,11.4,CDD,Marketing,7
0102,49,12,5179,2.1,0,7.1,CDI,IT,2
0103,29,10,5865,3.0,6,12.4,CDI,IT,5
0104,36,20,3874,3.9,7,2.0,CDI,RH,6
0105,28,22,2151,3.1,6,10.6,CDD,RH,10
0106,35,24,3201,3.6,2,1.3,CDI,IT,3
0107,55,15,2825,4.1,6,11.0,CDI,Support,6
0108,54,17,2179,3.2,7,1.5,CDI,Support,6
0109,36,1,5240,2.9,6,2.0,CDD,Marketing,9
0110,57,19,2817,2.6,5,3.5,CDD,RH,4
0111,47,2,5628,3.6,8,4.5,CDD,IT,1
0112,57,7,2171,2.7,6,2.0,CDD,Marketing,1
0113,45,20,3292,2.7,1,12.5,CDI,Direction,8
0114,43,21,5823,4.6,7,13.8,CDI,Direction,0
0115,34,9,3270,2.4,9,6.7,CDD,Support,0
0116,28,7,4111,3.4,10,7.3,CDD,Marketing,5
0117,52,23,3631,2.2,10,6.7,CDD,Marketing,3
0118,51,2,5339,3.2,3,5.4,CDD,IT,7
0119,25,13,4224,3.2,2,6.5,CDI,Marketing,5
0120,23,3,3939,3.6,7,2.7,CDD,IT,9
0121,27,24,3037,3.2,1,1.1,CDI,RH,10
0122,29,20,2149,2.8,0,11.1,CDD,Marketing,9
0123,60,22,5085,3.0,4,1.9,CDD,Support,0
0124,30,3,4649,2.2,0,11.4,CDI,Support,0
0125,47,14,2782,3.3,5,1.6,CDD,Marketing,4
0126,58,5,3171,3.1,4,12.9,CDI,RH,8
0127,24,22,3462,3.6,1,6.0,CDI,Direction,9
0128,44,9,5531,4.5,1,8.0,CDD,Support,6
0129,44,0,5198,2.2,5,5.1,CDD,RH,4
0130,58,1,2195,3.1,2,10.6,CDI,Marketing,6
0131,49,10,5546,3.8,6,9.5,CDI,RH,10
0132,53,25,4685,2.1,2,4.9,CDD,Direction,5
0133,36,1,3359,2.2,1,14.0,CDI,Direction,2
0134,55,9,3119,4.4,8,6.3,CDD,Direction,8
0135,20,11,2509,3.8,1,12.5,CDI,IT,0
0136,27,11,5274,4.0,5,1.4,CDI,Support,9
0137,54,13,3507,2.7,9,3.2,CDD,Direction,2
0138,37,4,3789,2.6,9,4.1,CDD,RH,4
0139,41,7,5643,4.7,7,11.5,CDD,Support,2
0140,27,16,3638,2.9,0,12.2,CDD,Direction,8
0141,38,13,5044,4.7,6,12.9,CDI,RH,7
0142,47,18,3801,2.6,10,5.1,CDI,Support,5
0143,30,21,5664,2.6,2,9.9,CDI,Support,7
0144,49,25,5917,4.2,9,5.2,CDI,Marketing,2
0145,20,5,3583,4.2,6,13.4,CDI,RH,1
0146,36,5,3388,4.3,2,14.5,CDD,Marketing,5
0147,52,5,5988,4.7,0,13.1,CDI,Direction,8
0148,31,2,2765,4.1,1,10.1,CDD,Support,6
0149,52,19,4032,4.1,5,14.4,CDI,RH,2
0150,26,12,4834,3.2,3,1.2,CDI,RH,4
0151,60,19,4037,2.7,3,13.2,CDD,IT,1
0152,39,21,3504,3.0,6,3.0,CDI,Direction,5
0153,60,7,5785,2.8,8,1.6,CDI,Support,0
0154,52,15,5265,3.4,8,9.0,CDI,Direction,2
0155,58,18,4126,3.9,4,6.5,CDD,IT,7
0156,32,4,3092,2.9,10,8.7,CDI,IT,4
0157,29,7,5281,3.1,4,2.2,CDI,RH,5
0158,43,14,2338,4.6,4,3.9,CDD,IT,6
0159,30,20,4978,3.4,3,11.4,CDD,Direction,4
0160,54,8,3738,4.4,1,11.2,CDD,Support,4
0161,53,14,2323,4.2,0,4.0,CDD,Marketing,9
0162,20,8,3763,4.3,6,13.7,CDD,Direction,4
0163,58,21,4467,3.0,9,12.9,CDD,IT,8
0164,40,0,5368,2.6,8,3.0,CDI,IT,5
0165,51,25,2739,2.9,7,3.6,CDI,RH,6
0166,21,14,4234,2.1,2,9.6,CDI,RH,2
0167,27,9,3203,4.6,0,4.5,CDI,RH,5
0168,43,21,3315,4.2,5,2.6,CDI,Direction,7
0169,39,17,2420,2.0,0,10.4,CDI,Marketing,2
0170,35,5,2327,3.7,6,8.9,CDD,RH,8
0171,23,2,3343,3.8,1,1.8,CDI,Support,10
0172,35,14,4707,4.2,4,11.5,CDI,Support,10
0173,56,11,3210,2.9,10,14.9,CDI,RH,7
0174,25,18,3255,2.6,10,8.7,CDI,RH,0
0175,25,9,3826,2.7,9,10.0,CDD,Marketing,3
0176,51,20,4468,3.7,7,2.0,CDI,Marketing,2
0177,24,13,4939,2.7,3,10.4,CDD,Direction,0
0178,54,22,3745,3.7,1,4.5,CDI,Direction,3
0179,28,8,2682,4.8,0,3.8,CDD,Support,2
0180,28,14,4825,3.0,3,9.1,CDD,Marketing,0
0181,50,9,3818,4.3,2,14.3,CDI,Direction,7
0182,55,6,3439,3.5,10,6.0,CDD,Direction,4
0183,30,12,3831,4.2,4,10.4,CDD,RH,2
0184,36,15,2173,4.2,1,4.3,CDD,Marketing,7
0185,53,3,4977,3.4,7,5.0,CDI,Direction,6
0186,58,7,5563,4.2,1,2.0,CDI,RH,1
0187,47,12,5733,3.1,4,3.7,CDI,Support,7
0188,33,18,3444,2.4,6,7.8,CDI,IT,0
0189,54,11,4518,3.6,7,5.6,CDI,Marketing,7
0190,32,18,3781,2.6,7,10.2,CDD,Support,5
0191,39,9,3124,4.7,10,10.7,CDI,Support,8
0192,45,22,4619,5.0,4,3.1,CDD,Marketing,7
0193,43,9,5241,4.9,1,8.9,CDD,IT,7
0194,48,0,5882,3.6,10,12.3,CDI,RH,7
0195,53,21,2234,4.5,8,14.4,CDI,Support,1
0196,48,12,2307,2.2,6,3.4,CDI,Support,2
0197,27,8,4749,4.5,2,5.4,CDI,IT,1
0198,35,0,4611,2.1,5,12.0,CDI,RH,5
0199,34,18,3663,2.0,6,11.0,CDD,Support,1
0200,24,21,3488,2.4,5,10.0,CDD,IT,3
0201,41,24,4101,3.9,2,4.9,CDD,Marketing,4
0202,21,23,5281,2.2,7,6.0,CDD,IT,2
0203,57,1,5071,2.5,0,10.5,CDI,IT,2
0204,55,19,4782,2.7,4,5.6,CDD,Direction,8
0205,34,23,2655,3.4,7,7.7,CDD,Support,4
0206,57,15,5902,2.2,7,7.2,CDI,RH,9
0207,34,9,2127,3.9,4,11.8,CDD,Marketing,10
0208,20,24,2584,4.8,3,7.8,CDD,Direction,9
0209,24,25,5476,4.7,4,2.5,CDD,IT,3
0210,60,7,4488,4.0,9,10.0,CDI,Marketing,9
0211,23,19,4777,2.0,0,2.1,CDI,RH,0
0212,34,25,5200,3.6,2,4.9,CDD,Marketing,8
0213,24,11,3794,3.2,10,12.6,CDD,Marketing,9
0214,22,7,2142,2.1,1,13.5,CDI,Support,2
0215,41,20,2517,4.2,1,3.8,CDI,RH,6
0216,24,6,2275,3.6,10,11.3,CDD,IT,1
0217,52,19,2966,2.9,5,9.8,CDI,Support,3
0218,35,8,5188,3.5,8,11.2,CDD,Support,7
0219,37,21,4642,4.1,6,13.5,CDI,IT,10
0220,51,24,3500,3.3,9,12.9,CDI,Direction,1
0221,33,23,3483,4.8,3,9.8,CDD,RH,5
0222,54,24,3568,2.5,8,12.4,CDD,Marketing,0
0223,28,21,5889,4.8,0,9.1,CDD,Direction,4
0224,56,21,4323,3.6,6,11.8,CDD,RH,10
0225,56,4,2132,2.7,8,4.0,CDD,RH,10
0226,50,20,4478,3.9,6,1.5,CDD,Marketing,1
0227,35,3,2628,2.8,8,4.6,CDI,Direction,6
0228,50,20,4781,3.1,10,13.5,CDD,Direction,5
0229,46,20,3842,4.4,7,8.6,CDD,Direction,9
0230,32,1,5886,2.2,9,10.2,CDI,Marketing,1
0231,26,9,3519,4.9,3,3.1,CDI,Marketing,5
0232,26,25,3523,3.4,7,6.5,CDD,RH,2
0233,47,14,3818,2.7,4,13.5,CDD,Direction,0
0234,42,1,5125,4.1,1,9.3,CDI,IT,1
0235,47,18,2314,2.9,6,13.0,CDI,RH,7
0236,46,11,4350,4.5,0,2.9,CDI,IT,10
0237,49,23,2563,2.2,8,8.0,CDI,RH,7
0238,23,4,4168,5.0,9,2.3,CDD,IT,7
0239,26,2,3503,3.9,8,6.1,CDD,Marketing,10
0240,23,9,3630,2.1,9,1.1,CDD,RH,4
0241,45,10,3287,3.2,10,4.3,CDD,RH,9
0242,41,23,4660,3.1,9,14.5,CDI,Support,10
0243,26,13,3141,3.4,2,14.7,CDI,IT,0
0244,35,5,3022,3.9,1,10.6,CDD,RH,5
0245,32,6,5934,4.1,7,11.6,CDI,RH,0
0246,32,4,2464,2.2,2,3.0,CDD,Marketing,10
0247,54,25,2106,4.5,2,3.2,CDI,IT,9
0248,48,17,5013,3.9,3,8.9,CDD,Direction,7
0249,28,11,2762,3.0,3,8.9,CDD,IT,5
0250,47,16,4044,4.9,2,13.2,CDI,Direction,9
0251,31,16,4120,4.9,0,3.0,CDI,RH,2
0252,37,8,3585,4.7,6,11.2,CDI,IT,3
0253,49,5,5741,4.8,1,14.1,CDI,IT,0
0254,35,8,4300,2.7,10,1.6,CDD,IT,10
0255,24,15,2482,4.7,6,11.7,CDD,IT,4
0256,48,25,3072,4.1,3,4.2,CDI,IT,5
0257,55,9,5174,3.7,10,4.7,CDD,Support,0
0258,26,23,3066,2.8,2,4.3,CDI,Support,1
0259,23,10,4883,4.8,9,10.4,CDD,RH,8
0260,54,25,3827,4.1,4,8.3,CDD,Direction,9
0261,20,3,2878,2.8,5,12.1,CDI,IT,6
0262,25,14,4506,3.6,1,6.4,CDI,Marketing,1
0263,35,2,3169,4.0,1,13.9,CDD,RH,6
0264,30,4,4842,2.5,6,13.3,CDI,RH,4
0265,46,24,5753,4.6,8,1.6,CDI,IT,2
0266,51,7,4011,2.0,6,10.1,CDI,IT,3
0267,50,21,2819,2.6,8,2.4,CDI,Direction,6
0268,33,23,2502,2.4,5,14.6,CDI,Support,1
0269,45,21,2555,4.5,4,9.9,CDD,RH,0
0270,23,12,5493,4.5,8,4.8,CDD,RH,3
0271,30,25,2303,4.8,7,11.4,CDD,IT,2
0272,44,17,3851,2.9,0,9.1,CDD,RH,6
0273,20,11,2707,3.7,9,9.0,CDD,Marketing,6
0274,44,2,5680,3.7,9,6.3,CDI,Direction,4
0275,36,25,4921,4.5,8,6.3,CDI,IT,10
0276,49,12,3823,4.0,6,9.2,CDI,Direction,10
0277,38,0,2359,3.6,1,13.6,CDI,RH,2
0278,47,8,5319,3.2,6,2.1,CDI,Support,1
0279,55,17,4793,4.2,2,4.5,CDD,Support,4
0280,51,3,5963,4.4,2,14.6,CDI,Marketing,7
0281,29,14,5463,4.1,9,4.1,CDD,Marketing,6
0282,32,11,3309,2.2,9,6.7,CDD,IT,4
0283,38,21,4735,4.2,9,12.4,CDD,Marketing,10
0284,33,23,3423,3.0,1,5.8,CDI,RH,9
0285,23,21,4906,2.3,1,12.1,CDD,IT,2
0286,57,8,2265,2.7,9,13.4,CDI,Support,5
0287,54,18,4252,2.2,1,1.1,CDI,Direction,10
0288,23,12,4220,3.8,4,13.3,CDD,Direction,1
0289,40,20,3189,3.8,8,7.2,CDD,RH,5
0290,23,11,5650,3.8,5,4.2,CDD,RH,8
0291,23,3,3228,4.9,6,8.2,CDD,Marketing,3
0292,57,21,5487,3.0,4,4.9,CDI,RH,7
0293,50,7,2645,3.9,6,3.1,CDI,Direction,7
0294,52,15,4915,4.4,10,3.2,CDI,IT,6
0295,53,0,4906,3.4,7,9.4,CDD,Direction,7
0296,30,19,5798,2.7,9,12.4,CDI,Marketing,4
0297,23,17,4868,3.7,9,10.3,CDI,RH,9
0298,52,10,4612,3.1,7,6.8,CDI,Support,9
0299,25,19,2713,2.6,0,5.6,CDI,Marketing,6
0300,31,7,5250,3.8,2,2.6,CDI,Support,1
0301,24,20,3480,3.1,4,10.5,CDD,IT,6
0302,58,2,4083,4.3,6,7.7,CDI,Direction,5
0303,24,20,2918,2.9,2,9.3,CDI,Support,9
0304,35,14,2497,2.7,9,10.1,CDI,RH,2
0305,45,22,2823,2.2,9,6.8,CDD,Support,6
0306,27,9,5244,2.8,10,4.4,CDD,Marketing,10
0307,56,20,2568,3.1,6,2.8,CDI,Direction,6
0308,35,13,2969,4.4,0,9.3,CDI,IT,1
0309,57,3,5237,2.5,6,2.9,CDI,Marketing,0
0310,58,4,4023,3.2,5,8.2,CDD,RH,8
0311,22,1,2107,3.1,3,13.5,CDI,Support,5
0312,59,1,3478,2.3,0,3.1,CDI,RH,7
0313,25,9,4269,4.8,7,3.3,CDD,Support,10
0314,46,15,4344,3.3,4,13.9,CDI,Direction,3
0315,57,3,3511,4.3,5,8.2,CDD,IT,10
0316,56,3,3914,2.3,0,6.7,CDD,Direction,10
0317,53,7,5291,2.3,5,14.6,CDI,Direction,2
0318,40,17,4259,3.3,4,9.9,CDI,IT,7
0319,36,4,2531,3.7,4,13.3,CDD,RH,8
0320,33,12,4506,3.5,4,11.2,CDD,IT,10
0321,40,14,5621,2.3,7,12.5,CDD,Support,10
0322,35,11,2353,2.3,10,14.3,CDD,Support,8
0323,36,21,2269,3.7,1,4.0,CDI,Direction,1
0324,45,23,3266,3.8,3,9.5,CDD,Marketing,4
0325,28,22,3630,4.4,2,7.6,CDI,Support,7
0326,39,17,4936,4.6,4,7.7,CDD,Direction,6
0327,49,13,4944,2.0,7,4.1,CDD,Marketing,1
0328,40,18,3960,3.2,5,6.8,CDI,IT,7
0329,24,23,4153,4.3,4,3.0,CDI,Marketing,4
0330,20,23,3682,4.2,6,9.2,CDD,RH,2
0331,49,4,5150,3.7,9,11.7,CDD,Direction,2
0332,59,13,3677,5.0,10,9.7,CDD,Direction,10
0333,56,20,5372,2.7,1,8.2,CDI,Direction,4
0334,26,3,4354,3.6,3,3.3,CDI,Support,3
0335,24,15,2302,4.1,7,10.6,CDI,RH,8
0336,54,19,2513,2.5,3,13.9,CDI,Marketing,6
0337,33,13,5982,2.8,6,9.4,CDI,IT,4
0338,52,8,3298,2.8,7,2.0,CDD,Marketing,9
0339,36,1,4631,2.4,8,6.3,CDD,RH,0
0340,28,22,2303,2.5,5,2.9,CDD,Marketing,8
0341,42,11,3843,2.8,0,1.2,CDD,RH,1
0342,24,6,3908,2.9,8,8.3,CDD,Support,0
0343,35,14,4785,4.3,2,13.7,CDD,RH,8
0344,43,14,4119,3.1,1,10.6,CDI,RH,1
0345,38,7,3411,4.8,4,12.6,CDD,RH,8
0346,30,11,2525,4.2,8,9.5,CDD,RH,6
0347,48,3,5596,3.5,6,3.5,CDD,Marketing,6
0348,54,21,5395,3.9,2,13.6,CDI,Direction,1
0349,39,11,5195,3.4,8,9.4,CDI,Support,7
0350,59,17,4258,2.4,9,13.3,CDD,IT,10
0351,53,20,4620,2.0,0,8.4,CDI,Marketing,9
0352,20,11,4407,3.2,2,11.5,CDI,Marketing,4
0353,55,1,2745,4.5,3,2.3,CDI,Marketing,5
0354,39,12,5144,3.1,3,10.2,CDI,RH,4
0355,26,8,5957,4.6,0,13.6,CDD,IT,9
0356,28,6,2528,3.3,3,8.6,CDI,Marketing,1
0357,36,3,3772,3.3,0,1.0,CDI,Marketing,8
0358,27,14,4059,4.5,7,14.1,CDD,IT,0
0359,26,2,5730,4.0,0,10.5,CDD,Direction,1
0360,55,21,5556,3.8,5,7.0,CDI,Direction,10
0361,29,6,2226,2.9,3,6.9,CDD,Support,7
0362,37,20,5405,3.8,4,13.2,CDD,IT,2
0363,38,20,2508,4.1,5,10.8,CDI,IT,2
0364,58,19,4122,3.4,7,7.0,CDI,RH,6
0365,33,0,2626,2.5,8,14.1,CDI,Marketing,0
0366,41,1,3245,3.2,6,7.7,CDD,Direction,1
0367,33,25,2674,3.0,10,11.8,CDD,RH,6
0368,60,10,2663,4.2,1,5.9,CDI,Support,4
0369,36,7,3321,3.9,10,12.3,CDD,Direction,5
0370,52,4,5828,4.9,0,13.7,CDD,Marketing,9
0371,51,25,4905,4.3,3,12.7,CDD,Support,7
0372,36,18,2923,3.0,5,9.1,CDI,Support,10
0373,23,6,3417,2.8,7,7.0,CDI,Marketing,7
0374,25,2,5880,4.4,9,4.6,CDD,RH,9
0375,60,24,5853,3.1,7,11.7,CDD,Marketing,4
0376,47,17,4125,4.8,2,13.7,CDD,IT,5
0377,37,6,5665,2.6,7,2.2,CDI,Direction,2
0378,22,18,3163,5.0,9,9.4,CDI,Marketing,3
0379,20,6,5464,2.5,8,8.6,CDI,Direction,2
0380,41,7,2323,4.3,5,4.6,CDD,IT,1
0381,28,10,3026,2.1,5,1.1,CDD,IT,9
0382,60,24,2804,4.2,2,11.4,CDD,IT,4
0383,36,4,4601,4.8,4,1.1,CDD,Marketing,10
0384,30,25,5917,2.6,1,8.3,CDI,RH,1
0385,48,19,4256,4.4,4,8.3,CDI,Direction,6
0386,55,0,3124,4.5,0,6.3,CDD,Marketing,8
0387,47,8,2512,2.2,6,3.9,CDI,Support,0
0388,55,4,4560,4.5,0,12.3,CDD,RH,0
0389,20,4,3240,4.4,2,6.7,CDD,Direction,6
0390,27,17,4516,4.0,9,2.5,CDD,RH,1
0391,24,8,4185,2.4,3,7.0,CDD,Marketing,0
0392,29,25,2382,2.9,3,9.2,CDI,Direction,2
0393,54,5,4058,2.8,10,4.7,CDD,Marketing,10
0394,22,3,4625,2.5,3,8.5,CDD,IT,7
0395,43,21,2690,3.3,10,8.9,CDI,Support,7
0396,57,0,4424,3.1,3,9.6,CDI,Support,6
0397,55,4,5856,3.3,4,14.9,CDD,IT,10
0398,29,0,4378,3.8,10,6.6,CDD,RH,9
0399,47,11,2631,3.7,6,3.9,CDI,RH,7
0400,28,25,2701,3.6,8,8.7,CDI,Marketing,4
0401,22,25,4698,4.8,0,8.8,CDD,Support,9
0402,39,7,4557,4.6,10,3.5,CDI,RH,9
0403,43,18,4951,3.3,0,8.8,CDD,Marketing,5
0404,22,10,5694,2.1,7,7.8,CDD,IT,10
0405,42,0,4478,4.9,2,14.8,CDI,Marketing,10
0406,33,5,3382,4.1,10,9.1,CDD,IT,6
0407,35,8,5451,4.4,2,11.8,CDI,Support,4
0408,26,1,5784,3.8,9,6.6,CDI,Support,1
0409,42,4,4308,4.7,0,2.9,CDD,RH,2
0410,55,23,2168,2.3,3,13.1,CDD,Marketing,2
0411,46,13,5380,2.7,4,2.7,CDI,Support,0
0412,59,16,5538,4.0,9,4.2,CDD,Direction,3
0413,29,3,2116,2.5,4,12.0,CDD,RH,1
0414,35,23,2332,3.8,10,14.3,CDI,Direction,0
0415,30,2,2186,3.7,4,2.4,CDD,Marketing,3
0416,31,15,5885,3.9,6,8.1,CDI,Direction,0
0417,46,14,4627,3.9,6,12.0,CDD,Marketing,3
0418,21,24,5158,4.9,5,12.2,CDD,RH,7
0419,31,11,4362,3.0,7,9.6,CDD,Marketing,10
0420,41,16,3084,4.4,4,10.6,CDI,Support,2
0421,46,18,4667,2.3,3,1.7,CDD,RH,10
0422,35,3,2863,2.3,7,6.4,CDI,Direction,3
0423,37,14,5141,2.7,4,9.9,CDI,Direction,6
0424,30,16,4343,4.2,10,12.3,CDD,Support,10
0425,26,7,3706,3.7,8,12.5,CDI,RH,8
0426,44,19,4531,4.1,9,7.6,CDI,IT,3
0427,22,1,4617,2.7,6,9.4,CDI,Direction,1
0428,50,23,2124,3.1,9,2.2,CDD,Support,4
0429,34,25,4039,3.4,1,4.7,CDI,IT,7
0430,32,21,5641,4.0,0,6.2,CDD,RH,2
0431,49,16,4568,4.1,8,9.5,CDI,Marketing,7
0432,42,9,4234,2.5,10,11.1,CDI,IT,6
0433,39,14,3186,5.0,5,14.0,CDD,RH,0
0434,34,20,4629,3.4,8,6.6,CDD,IT,1
0435,34,0,5918,2.9,10,10.2,CDD,Support,2
0436,21,1,3237,4.8,9,5.0,CDD,RH,2
0437,32,15,3978,2.3,9,14.5,CDI,RH,7
0438,45,12,3003,4.5,4,1.8,CDI,Marketing,7
0439,41,13,5296,4.2,4,11.8,CDI,RH,7
0440,37,21,5306,3.0,10,3.5,CDI,Support,0
0441,24,3,4805,3.0,1,7.9,CDI,RH,7
0442,37,15,3663,4.4,7,1.1,CDD,RH,9
0443,42,22,3218,3.6,1,12.9,CDD,Direction,3
0444,52,14,3857,3.0,5,14.0,CDI,Support,3
0445,45,2,2298,2.3,4,8.3,CDI,Direction,4
0446,54,2,4820,4.2,10,3.7,CDD,IT,9
0447,41,10,2245,3.4,5,12.0,CDI,IT,6
0448,21,19,2647,2.2,4,8.1,CDI,Support,0
0449,27,4,3800,2.1,4,10.8,CDD,Direction,5
0450,36,2,3702,4.1,10,9.6,CDD,IT,0
0451,31,4,3983,2.1,10,10.4,CDI,Direction,1
0452,57,8,3902,3.0,4,6.0,CDI,RH,10
0453,36,19,2835,2.3,3,10.2,CDD,RH,6
0454,22,20,3393,4.4,2,14.7,CDI,RH,6
0455,26,18,4484,4.8,8,2.2,CDD,RH,7
0456,58,17,2588,4.2,3,4.9,CDI,RH,9
0457,47,22,3280,3.5,0,6.6,CDD,Support,9
0458,42,10,5528,3.7,9,10.4,CDI,Direction,8
0459,40,12,4942,3.0,6,6.7,CDI,Direction,4
0460,47,19,3307,3.3,10,3.8,CDD,RH,0
0461,58,16,5007,3.4,5,1.2,CDD,IT,7
0462,52,9,5525,4.4,10,10.9,CDD,Support,6
0463,27,14,3414,3.9,2,13.9,CDD,IT,7
0464,44,16,5995,2.6,0,8.7,CDI,Direction,8
0465,56,19,3633,4.0,10,11.2,CDD,RH,9
0466,32,13,2535,3.2,7,8.8,CDI,RH,9
0467,36,3,5115,4.2,4,9.2,CDI,Marketing,10
0468,22,25,3517,4.6,4,5.9,CDD,Marketing,7
0469,47,22,4109,3.3,6,12.4,CDI,RH,3
0470,20,3,4300,3.3,6,4.2,CDI,IT,0
0471,53,20,2434,2.0,6,14.5,CDI,Support,8
0472,54,20,3307,2.6,0,7.4,CDI,IT,0
0473,32,24,2990,2.8,9,6.7,CDD,IT,6
0474,43,17,3910,4.1,9,1.1,CDD,Direction,9
0475,47,23,2501,4.4,3,3.5,CDD,IT,5
0476,24,6,3095,3.7,5,8.1,CDI,IT,8
0477,41,13,3841,4.4,3,8.8,CDD,Direction,1
0478,59,14,3015,3.6,10,8.0,CDI,Direction,4
0479,40,7,2577,3.1,8,5.8,CDI,Direction,10
0480,27,13,2396,2.6,10,2.6,CDI,Direction,6
0481,39,10,2207,2.3,7,8.2,CDD,Direction,7
0482,52,14,3188,4.0,10,4.6,CDD,Support,1
0483,39,12,5872,3.5,5,8.5,CDD,Marketing,7
0484,46,13,3573,4.9,8,12.1,CDI,Marketing,9
0485,40,23,5539,2.9,4,4.5,CDI,Support,10
0486,45,3,4520,3.2,2,7.2,CDI,Support,5
0487,38,10,3712,3.2,10,6.3,CDD,IT,7
0488,55,13,3016,2.3,8,7.8,CDI,Support,6
0489,28,10,5943,3.1,2,4.4,CDI,Marketing,0
0490,32,21,5544,3.4,4,5.8,CDD,RH,2
0491,46,8,5695,2.5,1,11.9,CDI,RH,4
0492,44,11,2654,4.0,7,10.5,CDI,RH,3
0493,31,4,5332,4.4,2,13.6,CDD,IT,7
0494,59,21,3341,4.8,4,13.1,CDD,Marketing,5
0495,56,15,5824,3.8,8,7.7,CDI,Direction,7
0496,39,2,4366,4.0,2,4.6,CDD,Direction,3
0497,45,2,4953,2.9,10,6.4,CDD,RH,8
0498,55,2,3280,2.7,5,12.0,CDD,IT,3
0499,20,2,2777,2.4,10,4.1,CDD,RH,9
0500,39,13,5125,3.1,1,10.8,CDI,Support,10
0501,38,3,2652,2.4,3,12.2,CDI,Support,5
0502,33,23,4040,3.2,5,6.8,CDD,IT,9
0503,47,23,4108,3.8,3,5.9,CDI,IT,10
0504,57,11,3912,3.7,4,8.5,CDI,IT,7
0505,58,25,4042,3.3,6,10.8,CDD,IT,2
0506,40,4,5600,3.5,5,4.7,CDI,RH,4
0507,49,17,3263,3.6,5,5.0,CDD,IT,6
0508,48,1,4037,4.8,4,6.6,CDD,IT,6
0509,48,18,2094,4.8,9,11.5,CDD,IT,10
0510,33,17,2368,2.5,4,5.8,CDD,Support,10
0511,52,17,5871,2.5,7,8.8,CDI,Marketing,5
0512,50,10,3610,2.9,1,3.5,CDI,Support,7
0513,30,21,4070,2.6,7,5.4,CDI,Support,2
0514,25,3,3872,4.5,0,4.1,CDD,Support,9
0515,38,13,5959,3.9,10,9.0,CDD,Marketing,3
0516,52,11,2986,4.6,9,3.6,CDD,Marketing,4
0517,60,21,2881,4.9,9,11.4,CDI,Support,1
0518,59,24,4389,3.5,9,14.0,CDD,IT,10
0519,41,13,3445,2.6,1,3.7,CDD,Support,7
0520,25,23,2199,3.2,7,11.3,CDD,Support,2
0521,35,1,2207,3.7,3,4.3,CDD,Direction,2
0522,39,9,3152,4.0,8,4.4,CDI,Direction,3
0523,34,19,4027,3.2,1,4.7,CDI,Support,2
0524,32,9,4447,3.5,10,4.2,CDD,Marketing,9
0525,29,11,5614,4.1,6,12.7,CDI,Support,7
0526,21,3,5452,3.3,8,12.7,CDD,RH,1
0527,22,18,4679,2.5,4,6.0,CDD,Support,6
0528,35,16,4754,3.7,6,11.9,CDD,Support,7
0529,50,6,3927,4.4,0,2.7,CDI,RH,4
0530,59,4,3170,2.7,2,2.1,CDD,Support,3
0531,24,21,4198,2.1,2,14.4,CDD,Support,3
0532,49,15,2033,2.7,3,7.9,CDI,Support,8
0533,46,7,5470,2.9,5,1.1,CDI,Direction,0
0534,60,3,2440,4.3,6,13.0,CDD,IT,0
0535,56,11,3765,3.7,9,14.4,CDI,Direction,5
0536,32,17,2548,4.3,7,12.9,CDD,IT,4
0537,44,11,5614,3.5,2,6.2,CDI,IT,5
0538,51,3,3083,3.5,5,5.4,CDD,RH,10
0539,45,24,4979,3.7,2,13.6,CDD,Support,2
0540,35,8,3498,2.8,1,13.3,CDD,Support,2
0541,29,18,5128,3.6,7,9.0,CDD,IT,8
0542,20,7,3651,5.0,5,4.8,CDI,RH,0
0543,26,25,3498,3.6,10,3.6,CDI,Direction,1
0544,47,13,2185,4.3,2,11.7,CDI,RH,5
0545,34,17,3640,4.3,5,8.2,CDD,RH,6
0546,31,24,2209,3.3,10,6.6,CDD,IT,1
0547,53,19,4335,2.7,0,11.5,CDI,Direction,9
0548,49,19,4301,3.3,0,2.8,CDD,Direction,3
0549,23,21,2797,4.2,7,8.4,CDI,IT,1
0550,55,20,3484,4.0,4,6.9,CDD,Direction,8
0551,35,17,4266,2.7,3,14.2,CDD,Direction,3
0552,27,0,3182,4.6,2,1.5,CDD,Support,7
0553,49,19,2301,2.1,9,5.9,CDI,Support,4
0554,28,21,3582,2.8,2,13.0,CDI,Direction,5
0555,49,22,4065,4.6,7,11.9,CDI,Support,5
0556,53,8,3844,2.3,1,7.4,CDD,Direction,0
0557,55,0,5130,4.6,2,2.7,CDI,IT,8
0558,58,5,4252,2.4,9,8.3,CDD,IT,4
0559,40,8,3145,4.4,6,5.4,CDD,RH,2
0560,48,22,5380,2.6,10,1.1,CDI,IT,8
0561,59,24,4552,4.2,6,10.4,CDD,Direction,9
0562,52,9,4786,4.1,6,6.3,CDI,Support,10
0563,47,10,4502,4.6,6,2.4,CDD,Support,1
0564,55,11,2486,3.8,7,6.1,CDD,IT,0
0565,48,0,2527,3.3,6,13.1,CDI,Direction,7
0566,30,5,5993,3.8,0,3.6,CDI,Marketing,7
0567,50,4,2396,4.4,0,4.7,CDD,RH,1
0568,48,18,3613,4.4,8,4.8,CDD,Direction,1
0569,36,21,3528,4.4,3,14.4,CDD,IT,9
0570,35,12,5255,3.7,5,5.8,CDI,Marketing,9
0571,60,2,3388,3.6,0,3.6,CDI,Support,1
0572,37,4,4284,3.8,5,6.9,CDI,IT,8
0573,53,23,5845,2.5,8,6.9,CDI,RH,0
0574,51,20,3497,4.9,3,11.5,CDI,Marketing,8
0575,60,0,5092,2.9,0,6.1,CDI,Marketing,1
0576,35,2,2590,3.7,10,6.6,CDI,IT,2
0577,37,23,2815,4.9,0,7.3,CDD,Direction,10
0578,48,16,4467,3.5,10,9.0,CDD,IT,1
0579,24,6,4085,4.7,3,14.7,CDD,Marketing,3
0580,38,12,3644,4.4,3,10.6,CDD,Support,5
0581,35,13,4048,2.4,5,12.4,CDI,RH,2
0582,37,14,2164,4.3,4,11.1,CDI,Support,4
0583,41,10,2185,3.2,2,12.3,CDD,Marketing,7
0584,40,5,2159,2.2,1,8.8,CDD,Support,8
0585,54,11,2561,2.8,6,13.0,CDD,Direction,7
0586,25,9,4922,4.0,8,3.7,CDD,IT,1
0587,28,23,3364,4.1,9,12.2,CDD,Marketing,2
0588,29,10,5293,2.4,4,11.3,CDI,RH,10
0589,34,24,3940,2.4,2,7.6,CDI,RH,5
0590,44,18,4127,3.0,1,1.1,CDD,Direction,5
0591,29,19,3871,2.7,0,6.9,CDI,Support,2
0592,33,2,2610,4.5,4,2.9,CDD,Support,1
0593,24,1,4483,3.2,4,13.5,CDI,RH,3
0594,46,4,5658,2.4,7,9.8,CDD,Marketing,7
0595,46,5,4111,3.9,8,8.5,CDI,Support,6
0596,41,24,2572,3.9,9,5.4,CDI,Marketing,0
0597,54,19,3343,3.1,8,7.8,CDD,RH,3
0598,49,1,5814,2.2,5,4.5,CDI,Marketing,7
0599,46,21,4511,4.4,6,13.0,CDD,Direction,5
0600,23,2,3304,4.3,10,1.7,CDI,RH,4
0601,33,8,2665,3.2,2,2.4,CDI,Marketing,8
0602,46,14,3609,4.2,5,3.3,CDD,IT,2
0603,44,21,4525,4.1,7,4.0,CDD,Direction,1
0604,57,13,5028,4.6,5,4.6,CDD,Marketing,4
0605,21,15,5451,3.4,3,12.7,CDD,RH,5
0606,56,19,3225,3.5,2,2.3,CDD,Marketing,6
0607,44,14,4431,3.7,6,11.4,CDD,IT,5
0608,50,13,3377,4.6,0,4.6,CDD,Support,10
0609,20,8,4077,4.5,3,6.0,CDI,Marketing,10
0610,42,6,5392,2.3,3,8.8,CDI,RH,3
0611,39,24,4087,4.9,2,12.3,CDD,IT,2
0612,44,16,4180,3.9,3,5.8,CDI,Support,8
0613,46,3,4006,4.1,0,6.8,CDI,Marketing,6
0614,54,11,4902,4.6,9,5.9,CDD,Support,3
0615,54,13,4305,4.4,8,10.5,CDD,Marketing,2
0616,58,3,3227,3.2,2,9.5,CDD,Marketing,6
0617,34,9,3945,4.9,1,9.1,CDI,Direction,6
0618,51,21,5341,4.5,5,10.1,CDD,Support,6
0619,34,21,2068,3.5,10,8.5,CDI,Support,7
0620,37,18,3508,3.0,0,14.7,CDI,IT,8
0621,47,15,3356,2.9,6,5.0,CDI,Marketing,10
0622,51,16,4759,3.6,10,5.6,CDI,Marketing,5
0623,21,21,2448,2.4,4,8.1,CDI,Direction,0
0624,44,9,3706,4.6,8,11.8,CDI,Support,7
0625,41,1,4390,4.4,9,7.3,CDD,IT,2
0626,45,7,3260,4.7,0,2.1,CDD,Support,0
0627,30,12,5263,4.3,9,9.6,CDI,RH,8
0628,49,19,5681,2.1,0,7.5,CDI,IT,1
0629,28,1,4970,3.9,10,14.4,CDI,RH,1
0630,59,0,5572,4.5,1,13.2,CDD,IT,5
0631,54,6,4818,2.0,10,10.0,CDD,Direction,5
0632,21,9,4577,4.8,0,14.0,CDD,Marketing,6
0633,45,6,2109,2.5,0,6.9,CDI,Support,2
0634,57,24,4444,3.4,1,9.6,CDD,IT,6
0635,56,4,3943,5.0,6,6.7,CDD,Marketing,0
0636,21,24,3087,3.3,7,13.7,CDD,Marketing,6
0637,25,8,5961,5.0,6,2.1,CDD,RH,0
0638,47,9,4685,4.7,1,5.8,CDD,Direction,10
0639,28,10,5206,4.6,8,5.4,CDI,Direction,10
0640,49,3,5981,2.9,4,10.1,CDI,RH,2
0641,31,0,5179,4.6,7,10.9,CDD,Marketing,9
0642,23,15,4369,4.6,2,9.5,CDI,RH,0
0643,36,23,4365,2.3,3,6.5,CDD,Marketing,10
0644,44,13,2932,3.1,10,13.4,CDI,Direction,10
0645,40,5,4954,2.2,10,11.9,CDD,Marketing,8
0646,33,4,2210,4.0,0,14.1,CDD,Marketing,4
0647,49,12,4390,3.9,4,11.5,CDD,Direction,6
0648,40,17,3967,2.2,6,8.3,CDI,RH,6
0649,41,22,2698,3.9,10,7.3,CDI,IT,10
0650,44,7,4147,4.2,1,3.3,CDD,Marketing,8
0651,37,16,4576,4.3,10,13.0,CDD,Support,4
0652,46,17,4953,3.3,8,2.8,CDI,Support,5
0653,36,21,4538,2.3,4,4.3,CDD,RH,5
0654,25,25,5172,2.3,9,4.5,CDI,Marketing,0
0655,50,11,5445,2.6,9,11.4,CDI,Marketing,4
0656,21,2,3557,2.2,2,11.5,CDD,IT,8
0657,54,12,2605,3.8,6,3.9,CDD,IT,9
0658,23,23,5365,3.6,1,6.6,CDI,Support,2
0659,42,1,4788,3.3,8,2.3,CDI,Support,6
0660,34,13,2992,2.0,9,14.1,CDI,Support,7
0661,24,0,2129,3.0,1,7.6,CDD,Support,10
0662,22,14,4345,2.4,4,1.8,CDI,Marketing,3
0663,21,2,5883,4.6,1,11.8,CDD,Support,8
0664,35,10,4869,4.1,1,8.3,CDI,IT,9
0665,32,18,2450,3.4,7,14.9,CDD,Marketing,9
0666,21,13,2781,2.7,3,2.5,CDI,Direction,10
0667,59,18,2077,2.3,9,9.7,CDD,RH,7
0668,29,12,3806,4.4,3,2.2,CDD,IT,5
0669,35,22,3284,2.3,4,14.0,CDD,RH,10
0670,28,20,3715,3.1,8,6.5,CDD,Direction,6
0671,50,13,2620,2.9,3,4.2,CDD,Direction,3
0672,27,9,3691,3.1,5,11.3,CDD,Support,4
0673,56,3,4828,4.4,6,7.2,CDD,Support,1
0674,33,12,2835,4.6,4,2.8,CDD,Direction,0
0675,49,0,3680,3.9,2,8.4,CDI,Marketing,8
0676,36,10,4055,4.0,0,3.4,CDI,Marketing,5
0677,43,5,5174,2.2,8,1.5,CDD,IT,6
0678,30,25,4504,3.7,7,6.0,CDD,RH,2
0679,58,19,5770,3.8,3,13.8,CDI,Marketing,8
0680,58,14,3931,2.5,7,13.1,CDD,Marketing,8
0681,27,22,5575,3.1,5,7.5,CDI,Direction,4
0682,30,11,5474,2.6,3,13.2,CDI,RH,3
0683,39,2,5013,4.2,0,14.1,CDD,Direction,1
0684,26,13,4979,4.8,0,8.7,CDI,RH,8
0685,57,3,2255,3.8,10,2.9,CDD,Direction,8
0686,21,7,4890,3.3,1,14.3,CDD,Direction,4
0687,39,13,2565,2.7,1,8.6,CDI,Support,8
0688,56,18,4124,4.7,9,9.3,CDI,Support,5
0689,44,12,2849,2.4,10,7.4,CDI,Marketing,10
0690,45,16,4297,2.4,7,11.5,CDD,Support,2
0691,32,2,3331,4.2,2,13.3,CDD,Marketing,0
0692,24,12,4712,3.1,1,7.1,CDI,Marketing,0
0693,57,9,3959,3.3,8,10.0,CDD,RH,8
0694,60,23,4152,4.4,1,8.5,CDD,Marketing,9
0695,35,10,3543,2.7,1,13.7,CDD,Marketing,4
0696,26,7,3285,3.9,4,7.7,CDI,Marketing,3
0697,39,10,5918,2.7,10,4.2,CDI,Support,4
0698,58,24,2709,3.8,3,2.3,CDI,Support,6
0699,27,5,3882,4.2,7,5.3,CDI,IT,8
0700,56,2,5736,2.9,4,6.8,CDD,Direction,1
0701,22,16,4183,4.8,4,3.2,CDD,RH,0
0702,42,20,3402,2.1,7,1.1,CDI,IT,5
0703,54,3,4237,4.5,0,8.3,CDD,Marketing,4
0704,47,16,3451,4.6,1,11.6,CDI,Marketing,10
0705,43,16,4768,2.6,2,2.9,CDD,IT,8
0706,24,6,5162,3.8,0,5.0,CDI,RH,5
0707,52,24,5553,2.6,4,8.5,CDI,Marketing,1
0708,41,11,4952,3.2,5,10.6,CDD,Marketing,0
0709,20,11,4788,3.9,10,7.9,CDI,Support,10
0710,46,23,4634,4.4,5,11.6,CDI,Direction,1
0711,51,20,5291,4.4,6,5.2,CDI,Marketing,7
0712,26,4,4839,2.7,1,11.7,CDD,Direction,4
0713,47,7,3082,3.2,1,12.2,CDD,Direction,9
0714,43,3,4498,2.7,0,9.4,CDD,Direction,0
0715,60,4,3983,3.9,0,12.2,CDI,Marketing,7
0716,49,8,2787,2.2,2,8.7,CDD,Marketing,5
0717,29,6,5921,4.7,10,3.6,CDI,Direction,3
0718,47,5,3009,2.0,10,13.4,CDI,IT,9
0719,31,19,3142,3.1,2,7.1,CDD,Direction,9
0720,53,4,4285,2.9,5,4.5,CDI,Support,10
0721,37,24,3222,3.2,5,11.0,CDD,Marketing,10
0722,59,24,2921,4.5,7,10.0,CDI,RH,8
0723,54,20,5856,3.3,9,12.6,CDI,Marketing,9
0724,50,2,5985,3.6,4,4.1,CDI,Direction,3
0725,49,5,3219,2.5,1,2.1,CDD,Marketing,5
0726,47,24,5158,3.4,5,9.8,CDD,Direction,4
0727,57,20,3183,5.0,5,8.2,CDD,RH,4
0728,37,15,4887,2.2,2,12.2,CDD,RH,10
0729,40,14,2849,3.8,1,9.6,CDD,RH,9
0730,35,24,4827,2.0,6,10.7,CDI,Support,10
0731,25,18,4887,2.6,6,4.8,CDD,Support,2
0732,37,24,4002,4.8,7,10.1,CDD,Direction,6
0733,48,18,3298,4.8,4,8.4,CDD,Support,8
0734,35,14,3965,3.2,6,4.8,CDD,IT,3
0735,49,21,3428,2.9,7,3.6,CDI,RH,1
0736,56,18,4295,4.1,6,2.0,CDD,RH,5
0737,59,20,5824,4.3,10,2.9,CDI,Direction,8
0738,44,20,5827,3.3,2,2.5,CDD,Support,9
0739,41,19,5257,3.2,1,7.4,CDD,RH,3
0740,21,10,4955,3.9,2,7.3,CDD,Marketing,5
0741,51,20,3120,3.6,0,10.8,CDD,Support,7
0742,40,10,3178,2.5,2,7.9,CDI,Marketing,1
0743,31,4,2499,2.3,1,5.5,CDI,RH,2
0744,51,14,4348,2.2,6,3.1,CDD,RH,6
0745,33,2,4771,4.8,9,14.6,CDD,Marketing,6
0746,42,15,4224,4.9,7,1.3,CDD,RH,1
0747,36,14,3555,2.5,9,14.6,CDD,Support,1
0748,41,20,5669,3.0,10,4.9,CDD,IT,0
0749,37,9,3616,3.8,7,2.8,CDD,IT,6
0750,58,25,5352,4.3,2,7.1,CDI,IT,2
0751,37,8,3413,3.9,9,1.1,CDD,RH,7
0752,55,18,5910,3.9,6,2.3,CDD,Direction,3
0753,20,1,5166,2.9,5,1.2,CDD,Support,7
0754,53,11,5295,3.3,9,4.0,CDI,Support,1
0755,32,16,2599,4.9,0,6.9,CDI,RH,5
0756,25,2,3189,2.7,10,12.0,CDD,Support,10
0757,35,9,2172,2.7,2,8.0,CDI,RH,8
0758,46,14,3178,4.8,7,6.2,CDD,IT,6
0759,51,14,5912,2.3,7,10.8,CDI,Support,9
0760,55,1,4925,3.8,1,1.4,CDI,Direction,8
0761,35,1,2323,2.2,6,2.1,CDI,RH,8
0762,50,11,3418,4.0,7,11.5,CDI,Support,6
0763,51,9,5784,4.0,0,3.0,CDD,Marketing,4
0764,48,2,3811,2.5,1,4.7,CDI,Marketing,9
0765,21,20,4686,2.0,4,6.5,CDI,Direction,7
0766,25,2,3050,2.4,10,8.6,CDD,Direction,10
0767,38,19,5061,2.0,5,3.5,CDD,Marketing,6
0768,34,19,3962,3.5,0,13.5,CDI,RH,7
0769,45,16,2876,3.0,10,4.5,CDD,Support,7
0770,35,12,2827,3.6,8,6.3,CDD,Marketing,6
0771,39,14,5391,4.5,9,1.2,CDI,Direction,2
0772,57,18,4206,2.8,9,14.6,CDI,Support,2
0773,43,17,3110,3.1,3,11.0,CDI,RH,8
0774,50,25,5821,4.2,10,6.4,CDI,Marketing,2
0775,55,23,4302,4.6,5,14.6,CDI,Direction,7
0776,53,1,4851,4.2,8,4.5,CDI,Marketing,7
0777,42,14,3112,2.4,8,14.9,CDI,RH,2
0778,47,25,2562,4.7,9,3.8,CDI,Direction,8
0779,55,18,2447,3.0,1,11.3,CDI,Support,8
0780,41,20,4521,3.3,6,2.3,CDI,Marketing,1
0781,42,6,5034,3.6,10,10.3,CDD,Support,3
0782,49,10,4403,2.8,3,3.9,CDI,IT,7
0783,37,19,2980,4.9,7,6.4,CDI,RH,7
0784,39,15,2993,3.9,5,14.5,CDI,Marketing,0
0785,36,16,2207,3.5,10,14.1,CDD,Direction,2
0786,34,4,4743,3.5,10,3.2,CDD,RH,8
0787,27,1,5707,2.2,10,11.2,CDD,IT,5
0788,32,14,4175,4.6,6,11.4,CDI,Direction,1
0789,40,3,2924,2.5,2,8.7,CDD,RH,9
0790,27,25,4613,2.5,8,2.7,CDD,RH,6
0791,54,10,2953,4.3,9,7.7,CDD,Marketing,1
0792,31,22,2215,4.7,0,5.2,CDD,IT,1
0793,32,2,2410,4.0,0,6.0,CDD,Marketing,5
0794,33,16,3692,2.3,10,1.7,CDI,Support,9
0795,50,20,3352,4.2,2,10.3,CDI,Direction,4
0796,37,5,4938,2.0,8,14.6,CDD,IT,0
0797,57,1,3934,4.6,7,4.3,CDI,RH,8
0798,53,7,2411,2.0,7,7.1,CDD,RH,2
0799,58,22,4790,2.1,2,1.2,CDD,Support,1
0800,38,14,5157,3.1,1,12.1,CDD,RH,5
0801,26,14,2563,4.8,7,9.2,CDI,Direction,4
0802,32,16,2021,2.5,5,6.5,CDD,Marketing,5
0803,38,16,5950,4.9,3,4.4,CDD,IT,4
0804,34,19,4254,2.1,5,14.6,CDI,Direction,4
0805,43,5,5805,4.4,4,9.1,CDD,Support,7
0806,31,11,2646,4.1,0,10.7,CDI,Direction,0
0807,39,11,3666,4.0,8,10.6,CDD,Support,2
0808,20,9,4674,2.7,3,3.2,CDI,Direction,2
0809,54,12,5829,2.7,8,11.8,CDD,RH,9
0810,28,13,5607,4.7,10,4.5,CDI,RH,6
0811,37,24,5597,3.0,6,8.0,CDD,Support,0
0812,22,10,3948,4.5,6,10.6,CDI,Direction,4
0813,23,21,3955,3.7,3,5.7,CDI,Direction,4
0814,55,19,4664,2.4,1,14.6,CDD,Marketing,3
0815,38,1,2816,4.0,7,11.6,CDI,Marketing,2
0816,28,25,5096,2.2,7,1.8,CDI,IT,7
0817,60,20,5948,2.7,9,6.0,CDD,RH,0
0818,51,20,3176,3.5,7,3.2,CDD,Support,1
0819,26,10,3315,2.1,1,8.5,CDI,RH,8
0820,20,2,3169,3.2,7,2.5,CDI,Direction,5
0821,56,10,4645,4.6,7,7.8,CDI,RH,1
0822,38,3,2242,4.6,5,5.4,CDI,Marketing,0
0823,50,17,5718,4.3,1,8.8,CDD,Direction,6
0824,50,21,5148,2.9,7,10.0,CDD,RH,7
0825,48,12,2366,2.3,10,5.9,CDI,IT,9
0826,41,9,4671,3.4,0,13.5,CDD,Marketing,4
0827,31,8,4351,3.1,1,11.3,CDI,Marketing,9
0828,23,23,2951,2.9,6,1.3,CDI,RH,7
0829,36,21,4191,4.4,6,6.3,CDI,Direction,5
0830,50,19,5025,4.2,0,11.1,CDD,Direction,6
0831,27,4,4961,2.7,8,4.5,CDD,Marketing,7
0832,24,10,5482,3.1,8,1.6,CDI,Direction,9
0833,45,2,5836,4.9,0,10.9,CDD,IT,2
0834,51,18,2152,5.0,1,8.8,CDD,Support,2
0835,24,21,5740,4.3,9,8.6,CDI,Direction,8
0836,56,4,5774,4.2,9,7.9,CDD,IT,10
0837,60,11,2717,3.6,10,8.9,CDD,Direction,7
0838,23,9,3711,4.4,4,8.6,CDD,Marketing,7
0839,29,20,5613,2.5,8,5.5,CDD,IT,10
0840,29,22,5430,4.8,8,7.6,CDI,Marketing,7
0841,56,21,2720,2.1,3,13.1,CDI,RH,2
0842,39,12,5825,3.6,10,9.4,CDI,Direction,5
0843,25,4,5766,3.9,10,13.0,CDD,Direction,1
0844,35,19,2148,4.1,7,3.2,CDD,Marketing,9
0845,27,22,5425,2.0,5,8.4,CDI,Direction,10
0846,55,2,3626,3.0,5,7.3,CDD,Support,9
0847,46,9,5227,4.3,0,12.5,CDD,Direction,6
0848,58,17,4029,3.1,3,8.6,CDD,IT,6
0849,58,12,2763,4.2,7,7.4,CDD,RH,3
0850,59,20,5836,2.9,5,11.9,CDI,Marketing,6
0851,34,25,5067,2.6,8,8.1,CDI,IT,5
0852,53,10,5940,4.9,9,11.3,CDD,IT,8
0853,44,4,5572,3.3,9,13.4,CDD,IT,0
0854,48,21,5793,4.9,7,9.7,CDI,RH,10
0855,48,22,3185,4.9,10,6.1,CDD,Marketing,7
0856,39,23,5591,2.4,5,9.7,CDD,Marketing,4
0857,57,21,2153,2.8,7,5.5,CDI,RH,10
0858,47,16,2037,2.1,1,1.9,CDI,Support,1
0859,39,2,3222,2.7,1,14.5,CDI,IT,2
0860,56,20,4326,4.5,10,12.5,CDD,Marketing,0
0861,59,21,4468,3.2,3,3.7,CDI,RH,9
0862,23,13,2439,4.7,0,10.6,CDD,RH,10
0863,59,16,5802,3.4,5,11.7,CDD,IT,4
0864,26,11,3372,4.2,5,3.2,CDI,RH,8
0865,33,0,3165,3.7,10,5.0,CDD,Direction,10
0866,60,11,3861,3.5,4,6.7,CDD,IT,1
0867,33,9,4626,3.9,8,5.5,CDI,Marketing,10
0868,36,5,4225,3.2,8,2.3,CDD,IT,8
0869,25,6,4147,3.8,5,10.2,CDI,Support,1
0870,30,10,4023,2.2,1,1.6,CDI,IT,3
0871,35,24,5642,4.0,0,14.1,CDI,IT,9
0872,31,15,5844,2.4,2,3.5,CDI,Support,8
0873,55,6,2549,2.9,7,1.4,CDI,IT,9
0874,24,7,5485,4.6,2,2.5,CDI,RH,0
0875,30,4,4065,4.8,6,3.7,CDD,Marketing,9
0876,20,4,3917,3.2,1,1.4,CDD,Marketing,8
0877,46,2,3117,4.5,4,10.0,CDI,Direction,3
0878,48,9,2789,3.0,9,6.4,CDD,Marketing,7
0879,58,25,5312,3.4,3,7.9,CDD,Marketing,8
0880,50,3,2461,2.7,3,9.7,CDD,Support,0
0881,38,16,3354,4.8,1,9.3,CDI,IT,1
0882,22,24,2665,2.4,6,1.7,CDI,IT,10
0883,34,17,4994,4.3,3,4.1,CDD,RH,8
0884,38,23,3879,2.3,7,11.0,CDI,IT,2
0885,38,16,4655,2.3,3,1.2,CDD,Support,0
0886,49,1,3053,3.3,5,13.9,CDI,RH,4
0887,24,21,4943,2.9,1,10.2,CDD,RH,3
0888,34,10,2762,2.4,6,14.0,CDI,Direction,3
0889,36,24,2057,3.1,0,12.6,CDI,IT,9
0890,60,19,5017,4.3,10,7.6,CDD,Support,7
0891,57,4,3380,3.4,10,9.9,CDI,Marketing,1
0892,32,19,5238,3.4,9,6.1,CDI,Support,8
0893,47,12,3208,4.6,1,11.4,CDI,Support,9
0894,27,4,4325,2.3,7,13.5,CDI,Support,5
0895,54,5,4762,4.4,7,12.5,CDI,RH,6
0896,34,5,5101,2.9,10,12.1,CDD,Direction,9
0897,29,22,2791,4.1,9,1.8,CDI,RH,0
0898,37,24,2718,3.8,8,9.6,CDD,Support,7
0899,29,19,4502,2.6,2,8.4,CDI,Marketing,0
0900,24,25,5506,4.6,7,11.3,CDI,RH,5
0901,23,5,4616,2.4,0,12.7,CDI,Support,6
0902,30,23,5674,4.1,8,2.1,CDI,Marketing,2
0903,39,14,3660,4.9,0,4.0,CDI,IT,6
0904,58,1,5387,3.2,8,8.3,CDI,IT,0
0905,56,13,3751,2.1,6,2.4,CDD,Support,8
0906,38,11,4110,2.9,9,4.2,CDI,Direction,5
0907,48,21,3343,4.5,7,6.4,CDD,Direction,6
0908,27,23,2355,2.5,8,3.7,CDI,Support,4
0909,49,7,3641,4.9,2,10.2,CDI,Direction,1
0910,39,14,4741,4.6,9,9.0,CDI,Direction,1
0911,45,19,2390,3.7,2,14.3,CDI,Direction,1
0912,37,9,2756,3.7,2,8.8,CDD,RH,8
0913,52,24,2575,2.3,1,8.8,CDI,Marketing,2
0914,54,23,3955,2.3,6,11.4,CDI,Support,4
0915,51,25,3325,4.4,10,11.7,CDI,IT,2
0916,48,14,5833,2.4,9,9.1,CDD,Direction,2
0917,25,7,3016,2.2,9,10.4,CDD,Support,4
0918,58,17,2027,4.3,5,10.8,CDD,RH,1
0919,22,7,3068,2.7,8,7.0,CDD,RH,2
0920,47,9,3571,2.6,6,2.5,CDI,Direction,4
0921,40,25,2964,3.2,6,12.1,CDI,Marketing,6
0922,58,25,3829,4.1,9,8.7,CDD,IT,10
0923,36,15,5087,4.8,3,8.1,CDI,Marketing,2
0924,21,6,3093,2.3,4,10.2,CDI,IT,0
0925,25,11,5907,3.8,6,8.5,CDI,IT,9
0926,34,21,3350,4.8,5,9.4,CDD,Support,5
0927,56,18,3236,2.2,4,14.1,CDI,IT,2
0928,57,14,4385,5.0,7,13.6,CDI,IT,0
0929,21,14,4960,2.6,2,8.7,CDD,RH,0
0930,37,24,4346,3.9,2,15.0,CDI,Marketing,4
0931,56,9,2046,4.4,6,12.8,CDD,Marketing,6
0932,22,24,3071,2.3,9,6.8,CDI,RH,1
0933,31,12,4677,4.5,8,9.9,CDD,Direction,5
0934,50,16,3472,4.4,4,12.6,CDI,Support,2
0935,53,16,4837,2.4,8,5.5,CDD,Marketing,6
0936,48,13,2967,4.8,5,4.4,CDI,Direction,5
0937,37,5,2254,2.2,8,8.6,CDI,RH,4
0938,31,6,4735,4.8,10,6.3,CDI,Support,6
0939,57,25,2484,3.3,3,8.7,CDI,RH,1
0940,47,19,3906,4.2,3,11.4,CDD,Direction,0
0941,60,4,3256,3.5,3,6.0,CDI,Marketing,3
0942,51,8,2654,3.1,9,7.3,CDI,Marketing,3
0943,25,1,3660,3.3,4,14.4,CDD,IT,9
0944,50,20,4810,3.1,10,1.0,CDI,RH,9
0945,42,15,4058,4.7,5,1.5,CDI,IT,3
0946,46,11,5781,2.8,10,5.0,CDI,RH,7
0947,41,17,5666,3.3,2,1.2,CDI,Marketing,8
0948,40,3,5636,2.4,10,2.9,CDI,RH,8
0949,26,22,4881,3.8,2,13.5,CDD,RH,6
0950,30,16,5153,3.9,8,1.1,CDD,Support,1
0951,41,3,3273,3.9,8,14.8,CDD,Direction,4
0952,46,9,4827,3.5,10,4.0,CDI,Support,0
0953,51,2,2480,4.6,5,5.4,CDI,Support,5
0954,38,24,4616,3.4,1,11.8,CDI,IT,7
0955,45,5,5752,2.3,5,14.2,CDD,RH,8
0956,55,8,5852,3.1,8,12.5,CDD,Direction,6
0957,22,14,3208,3.3,7,13.9,CDD,Marketing,1
0958,49,16,3505,3.9,9,8.2,CDI,RH,7
0959,25,4,4517,4.4,9,9.0,CDI,RH,0
0960,40,13,2904,2.7,10,9.0,CDI,Support,6
0961,36,2,2897,5.0,6,2.3,CDI,Direction,10
0962,40,7,5921,3.6,10,7.4,CDD,IT,3
0963,27,14,2547,2.1,8,3.2,CDI,Marketing,0
0964,45,11,3958,3.1,4,4.7,CDD,Marketing,4
0965,52,0,2627,4.1,6,13.5,CDD,Support,8
0966,20,13,3863,3.4,0,4.5,CDD,Marketing,9
0967,54,1,5062,4.3,8,4.6,CDI,RH,10
0968,49,12,4481,3.0,1,5.2,CDI,RH,1
0969,46,16,3530,3.7,0,9.0,CDI,Support,3
0970,23,11,3703,3.0,6,9.0,CDI,IT,8
0971,32,7,4875,2.8,2,4.0,CDI,RH,10
0972,53,12,4249,2.1,0,2.1,CDD,IT,2
0973,43,2,5738,3.8,10,5.5,CDI,IT,4
0974,59,11,3928,2.1,0,7.8,CDD,Marketing,9
0975,51,7,5102,4.4,3,7.8,CDI,RH,6
0976,60,0,4201,2.8,4,13.6,CDD,Marketing,7
0977,48,10,5284,4.4,2,10.8,CDI,Support,1
0978,23,3,4720,3.4,4,12.5,CDI,RH,10
0979,33,22,5381,3.1,10,2.3,CDI,Support,8
0980,37,20,2894,3.8,4,10.0,CDI,Marketing,3
0981,55,10,5120,2.7,2,1.5,CDD,Marketing,2
0982,28,25,3013,2.5,0,12.3,CDD,Marketing,5
0983,38,4,4786,2.7,4,6.3,CDI,RH,8
0984,48,4,5091,2.7,3,11.9,CDI,Marketing,2
0985,51,1,4440,3.6,8,13.9,CDI,Support,3
0986,27,9,5576,4.4,0,5.7,CDI,IT,8
0987,21,15,5225,4.2,5,13.3,CDD,RH,6
0988,60,22,2335,4.3,7,7.1,CDD,Direction,8
0989,58,4,4152,4.8,1,14.0,CDI,Support,7
0990,35,24,3829,3.7,9,2.7,CDD,RH,0
0991,30,22,4163,4.9,10,11.8,CDD,Marketing,0
0992,39,15,4882,3.2,8,11.5,CDD,Direction,7
0993,55,14,3481,4.8,3,12.9,CDD,Direction,9
0994,20,19,2319,5.0,10,14.0,CDI,RH,4
0995,55,0,5757,2.5,8,9.9,CDI,Marketing,10
0996,46,2,4310,2.7,6,9.9,CDI,Support,2
0997,25,0,2459,3.0,3,1.8,CDI,Support,0
0998,34,8,2252,4.2,8,8.3,CDI,IT,0
0999,27,6,5394,3.1,4,5.5,CDI,Marketing,7
1000,49,4,4243,3.8,10,8.9,CDD,IT,4
